0;1;0;1520687872926;1520687872926;1520687872.93;0;0;0;0.00;0
1;1;1520687872926;1520687872926;0;0.00;0;0;0;0.00;0
1;2;1520687872926;1520687874898;1972;1.97;1520687872940;1520687872941;1;0.00;1
2;1;1520687874898;1520687874898;0;0.00;0;0;0;0.00;0
2;2;1520687874898;1520687876894;1996;2.00;1520687875050;1520687875050;0;0.00;1
3;1;1520687876894;1520687876894;0;0.00;0;0;0;0.00;0
3;2;1520687876894;1520687878896;2002;2.00;1520687876898;1520687876898;0;0.00;2
4;1;1520687878896;1520687878896;0;0.00;0;0;0;0.00;0
4;2;1520687878896;1520687880895;1999;2.00;1520687878901;1520687878901;0;0.00;3
5;1;1520687880895;1520687880895;0;0.00;0;0;0;0.00;0
5;2;1520687880895;1520687882897;2002;2.00;1520687880899;1520687880899;0;0.00;5
6;1;1520687882897;1520687882897;0;0.00;0;0;0;0.00;0
6;2;1520687882897;1520687884895;1998;2.00;1520687882901;1520687882902;1;0.00;8
7;1;1520687884895;1520687884895;0;0.00;0;0;0;0.00;0
7;2;1520687884895;1520687886894;1999;2.00;1520687884899;1520687884899;0;0.00;13
8;1;1520687886894;1520687886894;0;0.00;0;0;0;0.00;0
8;2;1520687886894;1520687888894;2000;2.00;1520687886898;1520687886899;1;0.00;21
9;1;1520687888894;1520687888894;0;0.00;0;0;0;0.00;0
9;2;1520687888894;1520687890895;2001;2.00;1520687888897;1520687888898;1;0.00;34
10;1;1520687890895;1520687890895;0;0.00;0;0;0;0.00;0
10;2;1520687890895;1520687892895;2000;2.00;1520687890900;1520687890900;0;0.00;55
11;1;1520687892895;1520687892895;0;0.00;0;0;0;0.00;0
11;2;1520687892895;1520687894895;2000;2.00;1520687892900;1520687892900;0;0.00;89
12;1;1520687894895;1520687894895;0;0.00;0;0;0;0.00;0
12;2;1520687894895;1520687896897;2002;2.00;1520687894902;1520687894902;0;0.00;144
13;1;1520687896897;1520687896897;0;0.00;0;0;0;0.00;0
13;2;1520687896897;1520687898897;2000;2.00;1520687896902;1520687896902;0;0.00;233
14;1;1520687898897;1520687898897;0;0.00;0;0;0;0.00;0
14;2;1520687898897;1520687900897;2000;2.00;1520687898902;1520687898902;0;0.00;377
15;1;1520687900897;1520687900897;0;0.00;0;0;0;0.00;0
15;2;1520687900897;1520687902897;2000;2.00;1520687900901;1520687900901;0;0.00;610
16;1;1520687902897;1520687902897;0;0.00;0;0;0;0.00;0
16;2;1520687902897;1520687904895;1998;2.00;1520687902903;1520687902903;0;0.00;987
17;1;1520687904895;1520687904895;0;0.00;0;0;0;0.00;0
17;2;1520687904895;1520687906895;2000;2.00;1520687904901;1520687904901;0;0.00;1597
18;1;1520687906895;1520687906895;0;0.00;0;0;0;0.00;0
18;2;1520687906895;1520687908899;2004;2.00;1520687906900;1520687906900;0;0.00;2584
19;1;1520687908899;1520687908899;0;0.00;0;0;0;0.00;0
19;2;1520687908899;1520687910896;1997;2.00;1520687908903;1520687908904;1;0.00;4181
20;1;1520687910896;1520687910896;0;0.00;0;0;0;0.00;0
20;2;1520687910896;1520687912896;2000;2.00;1520687910900;1520687910900;0;0.00;6765
21;1;1520687912896;1520687912896;0;0.00;0;0;0;0.00;0
21;2;1520687912896;1520687914900;2004;2.00;1520687912900;1520687912900;0;0.00;10946
22;1;1520687914900;1520687914900;0;0.00;0;0;0;0.00;0
22;2;1520687914900;1520687916898;1998;2.00;1520687914905;1520687914905;0;0.00;17711
23;1;1520687916898;1520687916898;0;0.00;0;0;0;0.00;0
23;2;1520687916898;1520687918896;1998;2.00;1520687916902;1520687916902;0;0.00;28657
24;1;1520687918896;1520687918896;0;0.00;0;0;0;0.00;0
24;2;1520687918896;1520687920896;2000;2.00;1520687918899;1520687918899;0;0.00;46368
25;1;1520687920896;1520687920896;0;0.00;0;0;0;0.00;0
25;2;1520687920896;1520687922894;1998;2.00;1520687920901;1520687920902;1;0.00;75025
26;1;1520687922894;1520687922894;0;0.00;0;0;0;0.00;0
26;2;1520687922894;1520687924896;2002;2.00;1520687922897;1520687922899;2;0.00;121393
27;1;1520687924896;1520687924896;0;0.00;0;0;0;0.00;0
27;2;1520687924896;1520687926897;2001;2.00;1520687924900;1520687924903;3;0.00;196418
28;1;1520687926897;1520687926897;0;0.00;0;0;0;0.00;0
28;2;1520687926897;1520687928897;2000;2.00;1520687926906;1520687926910;4;0.00;317811
29;1;1520687928897;1520687928897;0;0.00;0;0;0;0.00;0
29;2;1520687928897;1520687930897;2000;2.00;1520687928904;1520687928914;10;0.01;514229
30;1;1520687930897;1520687930897;0;0.00;0;0;0;0.00;0
30;2;1520687930897;1520687932898;2001;2.00;1520687930906;1520687930919;13;0.01;832040
31;1;1520687932898;1520687932898;0;0.00;0;0;0;0.00;0
31;2;1520687932898;1520687934894;1996;2.00;1520687932905;1520687932922;17;0.02;1346269
32;1;1520687934894;1520687934894;0;0.00;0;0;0;0.00;0
32;2;1520687934894;1520687936894;2000;2.00;1520687934898;1520687934926;28;0.03;2178309
33;1;1520687936894;1520687936894;0;0.00;0;0;0;0.00;0
33;2;1520687936894;1520687938895;2001;2.00;1520687936899;1520687936936;37;0.04;3524578
34;1;1520687938895;1520687938895;0;0.00;0;0;0;0.00;0
34;2;1520687938895;1520687940895;2000;2.00;1520687938905;1520687938973;68;0.07;5702887
35;1;1520687940895;1520687940895;0;0.00;0;0;0;0.00;0
35;2;1520687940895;1520687942894;1999;2.00;1520687940901;1520687940989;88;0.09;9227465
36;1;1520687942894;1520687942894;0;0.00;0;0;0;0.00;0
36;2;1520687942894;1520687944896;2002;2.00;1520687942907;1520687943037;130;0.13;14930352
37;1;1520687944896;1520687944896;0;0.00;0;0;0;0.00;0
37;2;1520687944896;1520687946894;1998;2.00;1520687944900;1520687945090;190;0.19;24157817
38;1;1520687946894;1520687946894;0;0.00;0;0;0;0.00;0
38;2;1520687946894;1520687948894;2000;2.00;1520687946898;1520687947190;292;0.29;39088169
39;1;1520687948894;1520687948894;0;0.00;0;0;0;0.00;0
39;2;1520687948894;1520687950895;2001;2.00;1520687948898;1520687949361;463;0.46;63245986
40;1;1520687950895;1520687950895;0;0.00;0;0;0;0.00;0
40;2;1520687950895;1520687952894;1999;2.00;1520687950906;1520687951642;736;0.74;102334155
41;1;1520687952894;1520687952894;0;0.00;0;0;0;0.00;0
41;2;1520687952894;1520687954895;2001;2.00;1520687952897;1520687954089;1192;1.19;165580141
42;1;1520687954895;1520687954895;0;0.00;0;0;0;0.00;0
42;2;1520687954895;1520687956895;2000;2.00;1520687954899;1520687956807;1908;1.91;267914296
43;1;1520687956895;1520687956895;0;0.00;0;0;0;0.00;0
43;2;1520687956895;1520687958894;1999;2.00;1520687956903;0;0;0.00;0
43;3;1520687956895;1520687960895;4000;4.00;1520687956903;1520687960011;3108;3.11;433494437
44;1;1520687960895;1520687960895;0;0.00;0;0;0;0.00;0
44;2;1520687960895;1520687962895;2000;2.00;1520687960898;0;0;0.00;0
44;3;1520687960895;1520687964894;3999;4.00;1520687960898;0;0;0.00;0
44;4;1520687960895;1520687966894;5999;6.00;1520687960898;1520687965909;5011;5.01;701408733
45;1;1520687966894;1520687966894;0;0.00;0;0;0;0.00;0
45;2;1520687966894;1520687968896;2002;2.00;1520687966897;0;0;0.00;0
45;3;1520687966894;1520687970894;4000;4.00;1520687966897;0;0;0.00;0
45;4;1520687966894;1520687972894;6000;6.00;1520687966897;0;0;0.00;0
45;5;1520687966894;1520687974895;8001;8.00;1520687966897;0;0;0.00;0
45;6;1520687966894;1520687976895;10001;10.00;1520687966897;1520687975084;8187;8.19;1134903170
46;1;1520687976895;1520687976895;0;0.00;0;0;0;0.00;0
46;2;1520687976895;1520687978894;1999;2.00;1520687976899;0;0;0.00;0
46;3;1520687976895;1520687980895;4000;4.00;1520687976899;0;0;0.00;0
46;4;1520687976895;1520687982895;6000;6.00;1520687976899;0;0;0.00;0
46;5;1520687976895;1520687984893;7998;8.00;1520687976899;0;0;0.00;0
46;6;1520687976895;1520687986894;9999;10.00;1520687976899;0;0;0.00;0
46;7;1520687976895;1520687988895;12000;12.00;1520687976899;0;0;0.00;0
46;8;1520687976895;1520687990895;14000;14.00;1520687976899;1520687990043;13144;13.14;1836311903
47;1;1520687990895;1520687990895;0;0.00;0;0;0;0.00;0
47;2;1520687990895;1520687992895;2000;2.00;1520687990898;0;0;0.00;0
47;3;1520687990895;1520687994894;3999;4.00;1520687990898;0;0;0.00;0
47;4;1520687990895;1520687997402;6507;6.51;1520687990898;0;0;0.00;0
47;5;1520687990895;1520687999410;8515;8.52;1520687990898;0;0;0.00;0
47;6;1520687990895;1520688001411;10516;10.52;1520687990898;0;0;0.00;0
47;7;1520687990895;1520688003417;12522;12.52;1520687990898;0;0;0.00;0
47;8;1520687990895;1520688005406;14511;14.51;1520687990898;0;0;0.00;0
47;9;1520687990895;1520688007410;16515;16.52;1520687990898;0;0;0.00;0
47;10;1520687990895;1520688009414;18519;18.52;1520687990898;0;0;0.00;0
47;11;1520687990895;1520688011405;20510;20.51;1520687990898;0;0;0.00;0
47;12;1520687990895;1520688013417;22522;22.52;1520687990898;1520688012604;21706;21.71;2971215073
48;1;1520688013417;1520688013417;0;0.00;0;0;0;0.00;0
48;2;1520688013417;1520688015412;1995;2.00;1520688013417;0;0;0.00;0
48;3;1520688013417;1520688017409;3992;3.99;1520688013417;0;0;0.00;0
48;4;1520688013417;1520688019407;5990;5.99;1520688013417;0;0;0.00;0
48;5;1520688013417;1520688021417;8000;8.00;1520688013417;0;0;0.00;0
48;6;1520688013417;1520688023405;9988;9.99;1520688013417;0;0;0.00;0
48;7;1520688013417;1520688025407;11990;11.99;1520688013417;0;0;0.00;0
48;8;1520688013417;1520688027410;13993;13.99;1520688013417;0;0;0.00;0
48;9;1520688013417;1520688029414;15997;16.00;1520688013417;0;0;0.00;0
48;10;1520688013417;1520688031415;17998;18.00;1520688013417;0;0;0.00;0
48;11;1520688013417;1520688033403;19986;19.99;1520688013417;0;0;0.00;0
48;12;1520688013417;1520688035404;21987;21.99;1520688013417;0;0;0.00;0
48;13;1520688013417;1520688037408;23991;23.99;1520688013417;0;0;0.00;0
48;14;1520688013417;1520688039415;25998;26.00;1520688013417;0;0;0.00;0
48;15;1520688013417;1520688041402;27985;27.99;1520688013417;0;0;0.00;0
48;16;1520688013417;1520688043411;29994;29.99;1520688013417;0;0;0.00;0
48;17;1520688013417;1520688045414;31997;32.00;1520688013417;0;0;0.00;0
48;18;1520688013417;1520688047417;34000;34.00;1520688013417;0;0;0.00;0
48;19;1520688013417;1520688049403;35986;35.99;1520688013417;1520688047718;34301;34.30;4807526976
49;1;1520688049403;1520688049403;0;0.00;0;0;0;0.00;0
49;2;1520688049403;1520688051406;2003;2.00;1520688049488;0;0;0.00;0
49;3;1520688049403;1520688053408;4005;4.01;1520688049488;0;0;0.00;0
49;4;1520688049403;1520688055409;6006;6.01;1520688049488;0;0;0.00;0
49;5;1520688049403;1520688057413;8010;8.01;1520688049488;0;0;0.00;0
49;6;1520688049403;1520688059415;10012;10.01;1520688049488;0;0;0.00;0
49;7;1520688049403;1520688061403;12000;12.00;1520688049488;0;0;0.00;0
49;8;1520688049403;1520688063407;14004;14.00;1520688049488;0;0;0.00;0
49;9;1520688049403;1520688065417;16014;16.01;1520688049488;0;0;0.00;0
49;10;1520688049403;1520688067403;18000;18.00;1520688049488;0;0;0.00;0
49;11;1520688049403;1520688069408;20005;20.01;1520688049488;0;0;0.00;0
49;12;1520688049403;1520688071408;22005;22.01;1520688049488;0;0;0.00;0
49;13;1520688049403;1520688073410;24007;24.01;1520688049488;0;0;0.00;0
49;14;1520688049403;1520688075412;26009;26.01;1520688049488;0;0;0.00;0
49;15;1520688049403;1520688077414;28011;28.01;1520688049488;0;0;0.00;0
49;16;1520688049403;1520688079414;30011;30.01;1520688049488;0;0;0.00;0
49;17;1520688049403;1520688081404;32001;32.00;1520688049488;0;0;0.00;0
49;18;1520688049403;1520688083413;34010;34.01;1520688049488;0;0;0.00;0
49;19;1520688049403;1520688085413;36010;36.01;1520688049488;0;0;0.00;0
49;20;1520688049403;1520688087408;38005;38.01;1520688049488;0;0;0.00;0
49;21;1520688049403;1520688089410;40007;40.01;1520688049488;0;0;0.00;0
49;22;1520688049403;1520688091412;42009;42.01;1520688049488;0;0;0.00;0
49;23;1520688049403;1520688093416;44013;44.01;1520688049488;0;0;0.00;0
49;24;1520688049403;1520688095402;45999;46.00;1520688049488;0;0;0.00;0
49;25;1520688049403;1520688097403;48000;48.00;1520688049488;0;0;0.00;0
49;26;1520688049403;1520688099411;50008;50.01;1520688049488;0;0;0.00;0
49;27;1520688049403;1520688101413;52010;52.01;1520688049488;0;0;0.00;0
49;28;1520688049403;1520688103415;54012;54.01;1520688049488;0;0;0.00;0
49;29;1520688049403;1520688104895;55492;55.49;1520688049488;1520688104794;55306;55.31;7778742049
50;1;1520688104895;1520688104895;0;0.00;0;0;0;0.00;0
50;2;1520688104895;1520688106894;1999;2.00;1520688104899;0;0;0.00;0
50;3;1520688104895;1520688108893;3998;4.00;1520688104899;0;0;0.00;0
50;4;1520688104895;1520688110894;5999;6.00;1520688104899;0;0;0.00;0
50;5;1520688104895;1520688112895;8000;8.00;1520688104899;0;0;0.00;0
50;6;1520688104895;1520688114895;10000;10.00;1520688104899;0;0;0.00;0
50;7;1520688104895;1520688116894;11999;12.00;1520688104899;0;0;0.00;0
50;8;1520688104895;1520688118896;14001;14.00;1520688104899;0;0;0.00;0
50;9;1520688104895;1520688120895;16000;16.00;1520688104899;0;0;0.00;0
50;10;1520688104895;1520688122893;17998;18.00;1520688104899;0;0;0.00;0
50;11;1520688104895;1520688124895;20000;20.00;1520688104899;0;0;0.00;0
50;12;1520688104895;1520688126895;22000;22.00;1520688104899;0;0;0.00;0
50;13;1520688104895;1520688128894;23999;24.00;1520688104899;0;0;0.00;0
50;14;1520688104895;1520688130893;25998;26.00;1520688104899;0;0;0.00;0
50;15;1520688104895;1520688132895;28000;28.00;1520688104899;0;0;0.00;0
50;16;1520688104895;1520688134894;29999;30.00;1520688104899;0;0;0.00;0
50;17;1520688104895;1520688136894;31999;32.00;1520688104899;0;0;0.00;0
50;18;1520688104895;1520688138895;34000;34.00;1520688104899;0;0;0.00;0
50;19;1520688104895;1520688140894;35999;36.00;1520688104899;0;0;0.00;0
50;20;1520688104895;1520688142895;38000;38.00;1520688104899;0;0;0.00;0
50;21;1520688104895;1520688144895;40000;40.00;1520688104899;0;0;0.00;0
50;22;1520688104895;1520688146895;42000;42.00;1520688104899;0;0;0.00;0
50;23;1520688104895;1520688148897;44002;44.00;1520688104899;0;0;0.00;0
50;24;1520688104895;1520688150894;45999;46.00;1520688104899;0;0;0.00;0
50;25;1520688104895;1520688152894;47999;48.00;1520688104899;0;0;0.00;0
50;26;1520688104895;1520688154895;50000;50.00;1520688104899;0;0;0.00;0
50;27;1520688104895;1520688156894;51999;52.00;1520688104899;0;0;0.00;0
50;28;1520688104895;1520688158894;53999;54.00;1520688104899;0;0;0.00;0
50;29;1520688104895;1520688160894;55999;56.00;1520688104899;0;0;0.00;0
50;30;1520688104895;1520688162894;57999;58.00;1520688104899;0;0;0.00;0
50;31;1520688104895;1520688164893;59998;60.00;1520688104899;0;0;0.00;0
50;32;1520688104895;1520688166895;62000;62.00;1520688104899;0;0;0.00;0
50;33;1520688104895;1520688168894;63999;64.00;1520688104899;0;0;0.00;0
50;34;1520688104895;1520688170894;65999;66.00;1520688104899;0;0;0.00;0
50;35;1520688104895;1520688172895;68000;68.00;1520688104899;0;0;0.00;0
50;36;1520688104895;1520688174893;69998;70.00;1520688104899;0;0;0.00;0
50;37;1520688104895;1520688176894;71999;72.00;1520688104899;0;0;0.00;0
50;38;1520688104895;1520688178898;74003;74.00;1520688104899;0;0;0.00;0
50;39;1520688104895;1520688180894;75999;76.00;1520688104899;0;0;0.00;0
50;40;1520688104895;1520688182893;77998;78.00;1520688104899;0;0;0.00;0
50;41;1520688104895;1520688184895;80000;80.00;1520688104899;0;0;0.00;0
50;42;1520688104895;1520688186894;81999;82.00;1520688104899;0;0;0.00;0
50;43;1520688104895;1520688188894;83999;84.00;1520688104899;0;0;0.00;0
50;44;1520688104895;1520688190896;86001;86.00;1520688104899;0;0;0.00;0
50;45;1520688104895;1520688192893;87998;88.00;1520688104899;0;0;0.00;0
50;46;1520688104895;1520688194894;89999;90.00;1520688104899;0;0;0.00;0
50;47;1520688104895;1520688196895;92000;92.00;1520688104899;1520688194958;90059;90.06;12586269025
0;1;0;1520688523768;1520688523768;1520688523.77;0;0;0;0.00;0
1;1;1520688523768;1520688523768;0;0.00;0;0;0;0.00;0
1;2;1520688523768;1520688525743;1975;1.98;1520688524360;1520688524360;0;0.00;1
2;1;1520688525743;1520688525743;0;0.00;0;0;0;0.00;0
2;2;1520688525743;1520688527743;2000;2.00;1520688525747;1520688525747;0;0.00;1
3;1;1520688527743;1520688527743;0;0.00;0;0;0;0.00;0
3;2;1520688527743;1520688529745;2002;2.00;1520688527748;1520688527748;0;0.00;2
4;1;1520688529745;1520688529745;0;0.00;0;0;0;0.00;0
4;2;1520688529745;1520688531744;1999;2.00;1520688529751;1520688529751;0;0.00;3
5;1;1520688531744;1520688531744;0;0.00;0;0;0;0.00;0
5;2;1520688531744;1520688533743;1999;2.00;1520688531749;1520688531749;0;0.00;5
6;1;1520688533743;1520688533743;0;0.00;0;0;0;0.00;0
6;2;1520688533743;1520688535743;2000;2.00;1520688533748;1520688533748;0;0.00;8
7;1;1520688535743;1520688535743;0;0.00;0;0;0;0.00;0
7;2;1520688535743;1520688537743;2000;2.00;1520688535746;1520688535746;0;0.00;13
8;1;1520688537743;1520688537743;0;0.00;0;0;0;0.00;0
8;2;1520688537743;1520688539742;1999;2.00;1520688537747;1520688537747;0;0.00;21
9;1;1520688539742;1520688539742;0;0.00;0;0;0;0.00;0
9;2;1520688539742;1520688541744;2002;2.00;1520688539747;1520688539747;0;0.00;34
10;1;1520688541744;1520688541744;0;0.00;0;0;0;0.00;0
10;2;1520688541744;1520688543744;2000;2.00;1520688541749;1520688541749;0;0.00;55
11;1;1520688543744;1520688543744;0;0.00;0;0;0;0.00;0
11;2;1520688543744;1520688545743;1999;2.00;1520688543751;1520688543751;0;0.00;89
12;1;1520688545743;1520688545743;0;0.00;0;0;0;0.00;0
12;2;1520688545743;1520688547742;1999;2.00;1520688545747;1520688545747;0;0.00;144
13;1;1520688547742;1520688547742;0;0.00;0;0;0;0.00;0
13;2;1520688547742;1520688549742;2000;2.00;1520688547746;1520688547746;0;0.00;233
14;1;1520688549742;1520688549742;0;0.00;0;0;0;0.00;0
14;2;1520688549742;1520688551742;2000;2.00;1520688549746;1520688549746;0;0.00;377
15;1;1520688551742;1520688551742;0;0.00;0;0;0;0.00;0
15;2;1520688551742;1520688553743;2001;2.00;1520688551745;1520688551745;0;0.00;610
16;1;1520688553743;1520688553743;0;0.00;0;0;0;0.00;0
16;2;1520688553743;1520688555741;1998;2.00;1520688553749;1520688553749;0;0.00;987
17;1;1520688555741;1520688555741;0;0.00;0;0;0;0.00;0
17;2;1520688555741;1520688557742;2001;2.00;1520688555744;1520688555744;0;0.00;1597
18;1;1520688557742;1520688557742;0;0.00;0;0;0;0.00;0
18;2;1520688557742;1520688559744;2002;2.00;1520688557747;1520688557747;0;0.00;2584
19;1;1520688559744;1520688559744;0;0.00;0;0;0;0.00;0
19;2;1520688559744;1520688561742;1998;2.00;1520688559755;1520688559755;0;0.00;4181
20;1;1520688561742;1520688561742;0;0.00;0;0;0;0.00;0
20;2;1520688561742;1520688563742;2000;2.00;1520688561747;1520688561747;0;0.00;6765
21;1;1520688563742;1520688563742;0;0.00;0;0;0;0.00;0
21;2;1520688563742;1520688565743;2001;2.00;1520688563748;1520688563748;0;0.00;10946
22;1;1520688565743;1520688565743;0;0.00;0;0;0;0.00;0
22;2;1520688565743;1520688567744;2001;2.00;1520688565748;1520688565748;0;0.00;17711
23;1;1520688567744;1520688567744;0;0.00;0;0;0;0.00;0
23;2;1520688567744;1520688569743;1999;2.00;1520688567749;1520688567749;0;0.00;28657
24;1;1520688569743;1520688569743;0;0.00;0;0;0;0.00;0
24;2;1520688569743;1520688571744;2001;2.00;1520688569747;1520688569748;1;0.00;46368
25;1;1520688571744;1520688571744;0;0.00;0;0;0;0.00;0
25;2;1520688571744;1520688573742;1998;2.00;1520688571749;1520688571750;1;0.00;75025
26;1;1520688573742;1520688573742;0;0.00;0;0;0;0.00;0
26;2;1520688573742;1520688575746;2004;2.00;1520688573747;1520688573748;1;0.00;121393
27;1;1520688575746;1520688575746;0;0.00;0;0;0;0.00;0
27;2;1520688575746;1520688577746;2000;2.00;1520688575750;1520688575752;2;0.00;196418
28;1;1520688577746;1520688577746;0;0.00;0;0;0;0.00;0
28;2;1520688577746;1520688579747;2001;2.00;1520688577753;1520688577755;2;0.00;317811
29;1;1520688579747;1520688579747;0;0.00;0;0;0;0.00;0
29;2;1520688579747;1520688581742;1995;2.00;1520688579753;1520688579761;8;0.01;514229
30;1;1520688581742;1520688581742;0;0.00;0;0;0;0.00;0
30;2;1520688581742;1520688583742;2000;2.00;1520688581746;1520688581758;12;0.01;832040
31;1;1520688583742;1520688583742;0;0.00;0;0;0;0.00;0
31;2;1520688583742;1520688585742;2000;2.00;1520688583745;1520688583762;17;0.02;1346269
32;1;1520688585742;1520688585742;0;0.00;0;0;0;0.00;0
32;2;1520688585742;1520688587742;2000;2.00;1520688585747;1520688585773;26;0.03;2178309
33;1;1520688587742;1520688587742;0;0.00;0;0;0;0.00;0
33;2;1520688587742;1520688589744;2002;2.00;1520688587747;1520688587782;35;0.04;3524578
34;1;1520688589744;1520688589744;0;0.00;0;0;0;0.00;0
34;2;1520688589744;1520688591744;2000;2.00;1520688589750;1520688589804;54;0.05;5702887
35;1;1520688591744;1520688591744;0;0.00;0;0;0;0.00;0
35;2;1520688591744;1520688593743;1999;2.00;1520688591751;1520688591827;76;0.08;9227465
36;1;1520688593743;1520688593743;0;0.00;0;0;0;0.00;0
36;2;1520688593743;1520688595743;2000;2.00;1520688593748;1520688593867;119;0.12;14930352
37;1;1520688595743;1520688595743;0;0.00;0;0;0;0.00;0
37;2;1520688595743;1520688597742;1999;2.00;1520688595747;1520688595934;187;0.19;24157817
38;1;1520688597742;1520688597742;0;0.00;0;0;0;0.00;0
38;2;1520688597742;1520688599740;1998;2.00;1520688597746;1520688598036;290;0.29;39088169
39;1;1520688599740;1520688599740;0;0.00;0;0;0;0.00;0
39;2;1520688599740;1520688601741;2001;2.00;1520688599743;1520688600217;474;0.47;63245986
40;1;1520688601741;1520688601741;0;0.00;0;0;0;0.00;0
40;2;1520688601741;1520688604401;2660;2.66;1520688601745;1520688602509;764;0.76;102334155
41;1;1520688604401;1520688604401;0;0.00;0;0;0;0.00;0
41;2;1520688604401;1520688606411;2010;2.01;1520688604405;1520688605571;1166;1.17;165580141
42;1;1520688606411;1520688606411;0;0.00;0;0;0;0.00;0
42;2;1520688606411;1520688608409;1998;2.00;1520688606429;1520688608310;1881;1.88;267914296
43;1;1520688608409;1520688608409;0;0.00;0;0;0;0.00;0
43;2;1520688608409;1520688610412;2003;2.00;1520688608409;0;0;0.00;0
43;3;1520688608409;1520688612408;3999;4.00;1520688608409;1520688611471;3062;3.06;433494437
44;1;1520688612408;1520688612408;0;0.00;0;0;0;0.00;0
44;2;1520688612408;1520688614415;2007;2.01;1520688612411;0;0;0.00;0
44;3;1520688612408;1520688616417;4009;4.01;1520688612411;0;0;0.00;0
44;4;1520688612408;1520688618408;6000;6.00;1520688612411;1520688617381;4970;4.97;701408733
45;1;1520688618408;1520688618408;0;0.00;0;0;0;0.00;0
45;2;1520688618408;1520688620409;2001;2.00;1520688618411;0;0;0.00;0
45;3;1520688618408;1520688622418;4010;4.01;1520688618411;0;0;0.00;0
45;4;1520688618408;1520688624405;5997;6.00;1520688618411;0;0;0.00;0
45;5;1520688618408;1520688626405;7997;8.00;1520688618411;0;0;0.00;0
45;6;1520688618408;1520688628414;10006;10.01;1520688618411;1520688626678;8267;8.27;1134903170
46;1;1520688628414;1520688628414;0;0.00;0;0;0;0.00;0
46;2;1520688628414;1520688630415;2001;2.00;1520688628417;0;0;0.00;0
46;3;1520688628414;1520688632405;3991;3.99;1520688628417;0;0;0.00;0
46;4;1520688628414;1520688634409;5995;6.00;1520688628417;0;0;0.00;0
46;5;1520688628414;1520688636413;7999;8.00;1520688628417;0;0;0.00;0
46;6;1520688628414;1520688638404;9990;9.99;1520688628417;0;0;0.00;0
46;7;1520688628414;1520688640409;11995;12.00;1520688628417;0;0;0.00;0
46;8;1520688628414;1520688642412;13998;14.00;1520688628417;1520688641367;12950;12.95;1836311903
47;1;1520688642412;1520688642412;0;0.00;0;0;0;0.00;0
47;2;1520688642412;1520688644416;2004;2.00;1520688642415;0;0;0.00;0
47;3;1520688642412;1520688646405;3993;3.99;1520688642415;0;0;0.00;0
47;4;1520688642412;1520688648405;5993;5.99;1520688642415;0;0;0.00;0
47;5;1520688642412;1520688650408;7996;8.00;1520688642415;0;0;0.00;0
47;6;1520688642412;1520688652408;9996;10.00;1520688642415;0;0;0.00;0
47;7;1520688642412;1520688654412;12000;12.00;1520688642415;0;0;0.00;0
47;8;1520688642412;1520688656415;14003;14.00;1520688642415;0;0;0.00;0
47;9;1520688642412;1520688658402;15990;15.99;1520688642415;0;0;0.00;0
47;10;1520688642412;1520688660403;17991;17.99;1520688642415;0;0;0.00;0
47;11;1520688642412;1520688662405;19993;19.99;1520688642415;0;0;0.00;0
47;12;1520688642412;1520688664411;21999;22.00;1520688642415;1520688663382;20967;20.97;2971215073
48;1;1520688664411;1520688664411;0;0.00;0;0;0;0.00;0
48;2;1520688664411;1520688666414;2003;2.00;1520688664416;0;0;0.00;0
48;3;1520688664411;1520688668406;3995;4.00;1520688664416;0;0;0.00;0
48;4;1520688664411;1520688670407;5996;6.00;1520688664416;0;0;0.00;0
48;5;1520688664411;1520688672415;8004;8.00;1520688664416;0;0;0.00;0
48;6;1520688664411;1520688674418;10007;10.01;1520688664416;0;0;0.00;0
48;7;1520688664411;1520688675743;11332;11.33;1520688664416;0;0;0.00;0
48;8;1520688664411;1520688677742;13331;13.33;1520688664416;0;0;0.00;0
48;9;1520688664411;1520688680403;15992;15.99;1520688664416;0;0;0.00;0
48;10;1520688664411;1520688682406;17995;18.00;1520688664416;0;0;0.00;0
48;11;1520688664411;1520688684409;19998;20.00;1520688664416;0;0;0.00;0
48;12;1520688664411;1520688686410;21999;22.00;1520688664416;0;0;0.00;0
48;13;1520688664411;1520688688412;24001;24.00;1520688664416;0;0;0.00;0
48;14;1520688664411;1520688690412;26001;26.00;1520688664416;0;0;0.00;0
48;15;1520688664411;1520688692409;27998;28.00;1520688664416;0;0;0.00;0
48;16;1520688664411;1520688694420;30009;30.01;1520688664416;0;0;0.00;0
48;17;1520688664411;1520688696411;32000;32.00;1520688664416;0;0;0.00;0
48;18;1520688664411;1520688698402;33991;33.99;1520688664416;0;0;0.00;0
48;19;1520688664411;1520688700404;35993;35.99;1520688664416;1520688699094;34678;34.68;4807526976
49;1;1520688700404;1520688700404;0;0.00;0;0;0;0.00;0
49;2;1520688700404;1520688702407;2003;2.00;1520688700408;0;0;0.00;0
49;3;1520688700404;1520688704416;4012;4.01;1520688700408;0;0;0.00;0
49;4;1520688700404;1520688706402;5998;6.00;1520688700408;0;0;0.00;0
49;5;1520688700404;1520688708407;8003;8.00;1520688700408;0;0;0.00;0
49;6;1520688700404;1520688710416;10012;10.01;1520688700408;0;0;0.00;0
49;7;1520688700404;1520688712402;11998;12.00;1520688700408;0;0;0.00;0
49;8;1520688700404;1520688714414;14010;14.01;1520688700408;0;0;0.00;0
49;9;1520688700404;1520688716406;16002;16.00;1520688700408;0;0;0.00;0
49;10;1520688700404;1520688718410;18006;18.01;1520688700408;0;0;0.00;0
49;11;1520688700404;1520688720411;20007;20.01;1520688700408;0;0;0.00;0
49;12;1520688700404;1520688722415;22011;22.01;1520688700408;0;0;0.00;0
49;13;1520688700404;1520688724417;24013;24.01;1520688700408;0;0;0.00;0
49;14;1520688700404;1520688726406;26002;26.00;1520688700408;0;0;0.00;0
49;15;1520688700404;1520688728407;28003;28.00;1520688700408;0;0;0.00;0
49;16;1520688700404;1520688730412;30008;30.01;1520688700408;0;0;0.00;0
49;17;1520688700404;1520688732418;32014;32.01;1520688700408;0;0;0.00;0
49;18;1520688700404;1520688734405;34001;34.00;1520688700408;0;0;0.00;0
49;19;1520688700404;1520688736418;36014;36.01;1520688700408;0;0;0.00;0
49;20;1520688700404;1520688738407;38003;38.00;1520688700408;0;0;0.00;0
49;21;1520688700404;1520688740418;40014;40.01;1520688700408;0;0;0.00;0
49;22;1520688700404;1520688742403;41999;42.00;1520688700408;0;0;0.00;0
49;23;1520688700404;1520688744407;44003;44.00;1520688700408;0;0;0.00;0
49;24;1520688700404;1520688746418;46014;46.01;1520688700408;0;0;0.00;0
49;25;1520688700404;1520688748403;47999;48.00;1520688700408;0;0;0.00;0
49;26;1520688700404;1520688750415;50011;50.01;1520688700408;0;0;0.00;0
49;27;1520688700404;1520688751740;51336;51.34;1520688700408;0;0;0.00;0
49;28;1520688700404;1520688753742;53338;53.34;1520688700408;0;0;0.00;0
49;29;1520688700404;1520688755741;55337;55.34;1520688700408;0;0;0.00;0
49;30;1520688700404;1520688757743;57339;57.34;1520688700408;1520688756650;56242;56.24;7778742049
50;1;1520688757743;1520688757743;0;0.00;0;0;0;0.00;0
50;2;1520688757743;1520688759742;1999;2.00;1520688757747;0;0;0.00;0
50;3;1520688757743;1520688762403;4660;4.66;1520688757747;0;0;0.00;0
50;4;1520688757743;1520688764406;6663;6.66;1520688757747;0;0;0.00;0
50;5;1520688757743;1520688766410;8667;8.67;1520688757747;0;0;0.00;0
50;6;1520688757743;1520688768414;10671;10.67;1520688757747;0;0;0.00;0
50;7;1520688757743;1520688770404;12661;12.66;1520688757747;0;0;0.00;0
50;8;1520688757743;1520688772411;14668;14.67;1520688757747;0;0;0.00;0
50;9;1520688757743;1520688774413;16670;16.67;1520688757747;0;0;0.00;0
50;10;1520688757743;1520688776403;18660;18.66;1520688757747;0;0;0.00;0
50;11;1520688757743;1520688778410;20667;20.67;1520688757747;0;0;0.00;0
50;12;1520688757743;1520688780412;22669;22.67;1520688757747;0;0;0.00;0
50;13;1520688757743;1520688782415;24672;24.67;1520688757747;0;0;0.00;0
50;14;1520688757743;1520688784417;26674;26.67;1520688757747;0;0;0.00;0
50;15;1520688757743;1520688786412;28669;28.67;1520688757747;0;0;0.00;0
50;16;1520688757743;1520688788405;30662;30.66;1520688757747;0;0;0.00;0
50;17;1520688757743;1520688790409;32666;32.67;1520688757747;0;0;0.00;0
50;18;1520688757743;1520688792413;34670;34.67;1520688757747;0;0;0.00;0
50;19;1520688757743;1520688794402;36659;36.66;1520688757747;0;0;0.00;0
50;20;1520688757743;1520688796408;38665;38.67;1520688757747;0;0;0.00;0
50;21;1520688757743;1520688798416;40673;40.67;1520688757747;0;0;0.00;0
50;22;1520688757743;1520688800418;42675;42.68;1520688757747;0;0;0.00;0
50;23;1520688757743;1520688802406;44663;44.66;1520688757747;0;0;0.00;0
50;24;1520688757743;1520688804405;46662;46.66;1520688757747;0;0;0.00;0
50;25;1520688757743;1520688806412;48669;48.67;1520688757747;0;0;0.00;0
50;26;1520688757743;1520688808404;50661;50.66;1520688757747;0;0;0.00;0
50;27;1520688757743;1520688810416;52673;52.67;1520688757747;0;0;0.00;0
50;28;1520688757743;1520688812402;54659;54.66;1520688757747;0;0;0.00;0
50;29;1520688757743;1520688814412;56669;56.67;1520688757747;0;0;0.00;0
50;30;1520688757743;1520688816414;58671;58.67;1520688757747;0;0;0.00;0
50;31;1520688757743;1520688818418;60675;60.68;1520688757747;0;0;0.00;0
50;32;1520688757743;1520688820407;62664;62.66;1520688757747;0;0;0.00;0
50;33;1520688757743;1520688822409;64666;64.67;1520688757747;0;0;0.00;0
50;34;1520688757743;1520688824411;66668;66.67;1520688757747;0;0;0.00;0
50;35;1520688757743;1520688826415;68672;68.67;1520688757747;0;0;0.00;0
50;36;1520688757743;1520688828404;70661;70.66;1520688757747;0;0;0.00;0
50;37;1520688757743;1520688830412;72669;72.67;1520688757747;0;0;0.00;0
50;38;1520688757743;1520688832415;74672;74.67;1520688757747;0;0;0.00;0
50;39;1520688757743;1520688834402;76659;76.66;1520688757747;0;0;0.00;0
50;40;1520688757743;1520688836407;78664;78.66;1520688757747;0;0;0.00;0
50;41;1520688757743;1520688838417;80674;80.67;1520688757747;0;0;0.00;0
50;42;1520688757743;1520688840407;82664;82.66;1520688757747;0;0;0.00;0
50;43;1520688757743;1520688842408;84665;84.67;1520688757747;0;0;0.00;0
50;44;1520688757743;1520688844409;86666;86.67;1520688757747;0;0;0.00;0
50;45;1520688757743;1520688846415;88672;88.67;1520688757747;0;0;0.00;0
50;46;1520688757743;1520688848407;90664;90.66;1520688757747;1520688848051;90304;90.30;12586269025
0;1;0;1520689353634;1520689353634;1520689353.63;0;0;0;0.00;0
1;1;1520689353634;1520689353634;0;0.00;0;0;0;0.00;0
1;2;1520689353634;1520689355599;1965;1.97;1520689353661;1520689353662;1;0.00;1
2;1;1520689355599;1520689355599;0;0.00;0;0;0;0.00;1
2;2;1520689355599;1520689357599;2000;2.00;1520689355888;1520689355888;0;0.00;1
3;1;1520689357599;1520689357599;0;0.00;0;0;0;0.00;1
3;2;1520689357599;1520689359602;2003;2.00;1520689357604;1520689357604;0;0.00;2
4;1;1520689359602;1520689359602;0;0.00;0;0;0;0.00;2
4;2;1520689359602;1520689361597;1995;2.00;1520689359618;1520689359618;0;0.00;3
5;1;1520689361597;1520689361597;0;0.00;0;0;0;0.00;3
5;2;1520689361597;1520689363599;2002;2.00;1520689361602;1520689361602;0;0.00;5
6;1;1520689363599;1520689363599;0;0.00;0;0;0;0.00;5
6;2;1520689363599;1520689365601;2002;2.00;1520689363603;1520689363603;0;0.00;8
7;1;1520689365601;1520689365601;0;0.00;0;0;0;0.00;8
7;2;1520689365601;1520689367599;1998;2.00;1520689365607;1520689365607;0;0.00;13
8;1;1520689367599;1520689367599;0;0.00;0;0;0;0.00;13
8;2;1520689367599;1520689369601;2002;2.00;1520689367608;1520689367608;0;0.00;21
9;1;1520689369601;1520689369601;0;0.00;0;0;0;0.00;21
9;2;1520689369601;1520689371598;1997;2.00;1520689369607;1520689369607;0;0.00;34
10;1;1520689371598;1520689371598;0;0.00;0;0;0;0.00;34
10;2;1520689371598;1520689373598;2000;2.00;1520689371604;1520689371604;0;0.00;55
11;1;1520689373598;1520689373598;0;0.00;0;0;0;0.00;55
11;2;1520689373598;1520689375596;1998;2.00;1520689373606;1520689373606;0;0.00;89
12;1;1520689375596;1520689375596;0;0.00;0;0;0;0.00;89
12;2;1520689375596;1520689377600;2004;2.00;1520689375600;1520689375600;0;0.00;144
13;1;1520689377600;1520689377600;0;0.00;0;0;0;0.00;144
13;2;1520689377600;1520689379599;1999;2.00;1520689377606;1520689377606;0;0.00;233
14;1;1520689379599;1520689379599;0;0.00;0;0;0;0.00;233
14;2;1520689379599;1520689381599;2000;2.00;1520689379605;1520689379605;0;0.00;377
15;1;1520689381599;1520689381599;0;0.00;0;0;0;0.00;377
15;2;1520689381599;1520689383599;2000;2.00;1520689381604;1520689381604;0;0.00;610
16;1;1520689383599;1520689383599;0;0.00;0;0;0;0.00;610
16;2;1520689383599;1520689385599;2000;2.00;1520689383604;1520689383604;0;0.00;987
17;1;1520689385599;1520689385599;0;0.00;0;0;0;0.00;987
17;2;1520689385599;1520689387600;2001;2.00;1520689385605;1520689385605;0;0.00;1597
18;1;1520689387600;1520689387600;0;0.00;0;0;0;0.00;1597
18;2;1520689387600;1520689389601;2001;2.00;1520689387603;1520689387603;0;0.00;2584
19;1;1520689389601;1520689389601;0;0.00;0;0;0;0.00;2584
19;2;1520689389601;1520689391601;2000;2.00;1520689389604;1520689389604;0;0.00;4181
20;1;1520689391601;1520689391601;0;0.00;0;0;0;0.00;4181
20;2;1520689391601;1520689393599;1998;2.00;1520689391604;1520689391604;0;0.00;6765
21;1;1520689393599;1520689393599;0;0.00;0;0;0;0.00;6765
21;2;1520689393599;1520689395599;2000;2.00;1520689393603;1520689393603;0;0.00;10946
22;1;1520689395599;1520689395599;0;0.00;0;0;0;0.00;10946
22;2;1520689395599;1520689397598;1999;2.00;1520689395604;1520689395604;0;0.00;17711
23;1;1520689397598;1520689397598;0;0.00;0;0;0;0.00;17711
23;2;1520689397598;1520689399599;2001;2.00;1520689397602;1520689397603;1;0.00;28657
24;1;1520689399599;1520689399599;0;0.00;0;0;0;0.00;28657
24;2;1520689399599;1520689401598;1999;2.00;1520689399602;1520689399603;1;0.00;46368
25;1;1520689401598;1520689401598;0;0.00;0;0;0;0.00;46368
25;2;1520689401598;1520689403597;1999;2.00;1520689401602;1520689401602;0;0.00;75025
26;1;1520689403597;1520689403597;0;0.00;0;0;0;0.00;75025
26;2;1520689403597;1520689405600;2003;2.00;1520689403602;1520689403603;1;0.00;121393
27;1;1520689405600;1520689405600;0;0.00;0;0;0;0.00;121393
27;2;1520689405600;1520689407596;1996;2.00;1520689405607;1520689405609;2;0.00;196418
28;1;1520689407596;1520689407596;0;0.00;0;0;0;0.00;196418
28;2;1520689407596;1520689409598;2002;2.00;1520689407601;1520689407606;5;0.01;317811
29;1;1520689409598;1520689409598;0;0.00;0;0;0;0.00;317811
29;2;1520689409598;1520689412405;2807;2.81;1520689409604;1520689409618;14;0.01;514229
30;1;1520689412405;1520689412405;0;0.00;0;0;0;0.00;514229
30;2;1520689412405;1520689414416;2011;2.01;1520689412411;1520689412414;3;0.00;832040
31;1;1520689414416;1520689414416;0;0.00;0;0;0;0.00;832040
31;2;1520689414416;1520689416409;1993;1.99;1520689414421;1520689414435;14;0.01;1346269
32;1;1520689416409;1520689416409;0;0.00;0;0;0;0.00;1346269
32;2;1520689416409;1520689418403;1994;1.99;1520689416413;1520689416429;16;0.02;2178309
33;1;1520689418403;1520689418403;0;0.00;0;0;0;0.00;2178309
33;2;1520689418403;1520689420412;2009;2.01;1520689418407;1520689418421;14;0.01;3524578
34;1;1520689420412;1520689420412;0;0.00;0;0;0;0.00;3524578
34;2;1520689420412;1520689422410;1998;2.00;1520689420418;1520689420458;40;0.04;5702887
35;1;1520689422410;1520689422410;0;0.00;0;0;0;0.00;5702887
35;2;1520689422410;1520689424412;2002;2.00;1520689422413;1520689422478;65;0.07;9227465
36;1;1520689424412;1520689424412;0;0.00;0;0;0;0.00;9227465
36;2;1520689424412;1520689426416;2004;2.00;1520689424417;1520689424511;94;0.09;14930352
37;1;1520689426416;1520689426416;0;0.00;0;0;0;0.00;14930352
37;2;1520689426416;1520689428405;1989;1.99;1520689426420;1520689426600;180;0.18;24157817
38;1;1520689428405;1520689428405;0;0.00;0;0;0;0.00;24157817
38;2;1520689428405;1520689430411;2006;2.01;1520689428409;1520689428677;268;0.27;39088169
39;1;1520689430411;1520689430411;0;0.00;0;0;0;0.00;39088169
39;2;1520689430411;1520689432407;1996;2.00;1520689430415;1520689430862;447;0.45;63245986
40;1;1520689432407;1520689432407;0;0.00;0;0;0;0.00;63245986
40;2;1520689432407;1520689434406;1999;2.00;1520689432410;1520689433128;718;0.72;102334155
41;1;1520689434406;1520689434406;0;0.00;0;0;0;0.00;102334155
41;2;1520689434406;1520689436417;2011;2.01;1520689434411;1520689435574;1163;1.16;165580141
42;1;1520689436417;1520689436417;0;0.00;0;0;0;0.00;165580141
42;2;1520689436417;1520689438410;1993;1.99;1520689436419;1520689438348;1929;1.93;267914296
43;1;1520689438410;1520689438410;0;0.00;0;0;0;0.00;267914296
43;2;1520689438410;1520689440412;2002;2.00;1520689438413;0;0;0.00;0
43;3;1520689438410;1520689442417;4007;4.01;1520689438413;1520689441487;3074;3.07;433494437
44;1;1520689442417;1520689442417;0;0.00;0;0;0;0.00;433494437
44;2;1520689442417;1520689444402;1985;1.99;1520689442420;0;0;0.00;0
44;3;1520689442417;1520689446409;3992;3.99;1520689442420;0;0;0.00;0
44;4;1520689442417;1520689448415;5998;6.00;1520689442420;1520689447368;4948;4.95;701408733
45;1;1520689448415;1520689448415;0;0.00;0;0;0;0.00;701408733
45;2;1520689448415;1520689450418;2003;2.00;1520689448418;0;0;0.00;0
45;3;1520689448415;1520689452409;3994;3.99;1520689448418;0;0;0.00;0
45;4;1520689448415;1520689454413;5998;6.00;1520689448418;0;0;0.00;0
45;5;1520689448415;1520689456407;7992;7.99;1520689448418;0;0;0.00;0
45;6;1520689448415;1520689458408;9993;9.99;1520689448418;1520689456631;8213;8.21;1134903170
46;1;1520689458408;1520689458408;0;0.00;0;0;0;0.00;1134903170
46;2;1520689458408;1520689460412;2004;2.00;1520689458413;0;0;0.00;0
46;3;1520689458408;1520689462403;3995;4.00;1520689458413;0;0;0.00;0
46;4;1520689458408;1520689464409;6001;6.00;1520689458413;0;0;0.00;0
46;5;1520689458408;1520689466402;7994;7.99;1520689458413;0;0;0.00;0
46;6;1520689458408;1520689468409;10001;10.00;1520689458413;0;0;0.00;0
46;7;1520689458408;1520689469745;11337;11.34;1520689458413;0;0;0.00;0
46;8;1520689458408;1520689471597;13189;13.19;1520689458413;0;0;0.00;0
46;9;1520689458408;1520689473597;15189;15.19;1520689458413;1520689471674;13261;13.26;1836311903
47;1;1520689473597;1520689473597;0;0.00;0;0;0;0.00;1836311903
47;2;1520689473597;1520689475595;1998;2.00;1520689473602;0;0;0.00;0
47;3;1520689473597;1520689477599;4002;4.00;1520689473602;0;0;0.00;0
47;4;1520689473597;1520689479598;6001;6.00;1520689473602;0;0;0.00;0
47;5;1520689473597;1520689481596;7999;8.00;1520689473602;0;0;0.00;0
47;6;1520689473597;1520689483596;9999;10.00;1520689473602;0;0;0.00;0
47;7;1520689473597;1520689485598;12001;12.00;1520689473602;0;0;0.00;0
47;8;1520689473597;1520689487597;14000;14.00;1520689473602;0;0;0.00;0
47;9;1520689473597;1520689489597;16000;16.00;1520689473602;0;0;0.00;0
47;10;1520689473597;1520689491597;18000;18.00;1520689473602;0;0;0.00;0
47;11;1520689473597;1520689493598;20001;20.00;1520689473602;0;0;0.00;0
47;12;1520689473597;1520689495598;22001;22.00;1520689473602;1520689494866;21264;21.26;2971215073
48;1;1520689495598;1520689495598;0;0.00;0;0;0;0.00;2971215073
48;2;1520689495598;1520689497599;2001;2.00;1520689495634;0;0;0.00;0
48;3;1520689495598;1520689499596;3998;4.00;1520689495634;0;0;0.00;0
48;4;1520689495598;1520689501597;5999;6.00;1520689495634;0;0;0.00;0
48;5;1520689495598;1520689503598;8000;8.00;1520689495634;0;0;0.00;0
48;6;1520689495598;1520689505598;10000;10.00;1520689495634;0;0;0.00;0
48;7;1520689495598;1520689507597;11999;12.00;1520689495634;0;0;0.00;0
48;8;1520689495598;1520689509598;14000;14.00;1520689495634;0;0;0.00;0
48;9;1520689495598;1520689511596;15998;16.00;1520689495634;0;0;0.00;0
48;10;1520689495598;1520689513598;18000;18.00;1520689495634;0;0;0.00;0
48;11;1520689495598;1520689515597;19999;20.00;1520689495634;0;0;0.00;0
48;12;1520689495598;1520689517596;21998;22.00;1520689495634;0;0;0.00;0
48;13;1520689495598;1520689519598;24000;24.00;1520689495634;0;0;0.00;0
48;14;1520689495598;1520689521600;26002;26.00;1520689495634;0;0;0.00;0
48;15;1520689495598;1520689523598;28000;28.00;1520689495634;0;0;0.00;0
48;16;1520689495598;1520689525597;29999;30.00;1520689495634;0;0;0.00;0
48;17;1520689495598;1520689527597;31999;32.00;1520689495634;0;0;0.00;0
48;18;1520689495598;1520689529595;33997;34.00;1520689495634;0;0;0.00;0
48;19;1520689495598;1520689531597;35999;36.00;1520689495634;1520689530145;34511;34.51;4807526976
49;1;1520689531597;1520689531597;0;0.00;0;0;0;0.00;4807526976
49;2;1520689531597;1520689533597;2000;2.00;1520689531600;0;0;0.00;0
49;3;1520689531597;1520689535600;4003;4.00;1520689531600;0;0;0.00;0
49;4;1520689531597;1520689537598;6001;6.00;1520689531600;0;0;0.00;0
49;5;1520689531597;1520689540408;8811;8.81;1520689531600;0;0;0.00;0
49;6;1520689531597;1520689542407;10810;10.81;1520689531600;0;0;0.00;0
49;7;1520689531597;1520689544411;12814;12.81;1520689531600;0;0;0.00;0
49;8;1520689531597;1520689546414;14817;14.82;1520689531600;0;0;0.00;0
49;9;1520689531597;1520689548404;16807;16.81;1520689531600;0;0;0.00;0
49;10;1520689531597;1520689550414;18817;18.82;1520689531600;0;0;0.00;0
49;11;1520689531597;1520689552418;20821;20.82;1520689531600;0;0;0.00;0
49;12;1520689531597;1520689554409;22812;22.81;1520689531600;0;0;0.00;0
49;13;1520689531597;1520689556414;24817;24.82;1520689531600;0;0;0.00;0
49;14;1520689531597;1520689558403;26806;26.81;1520689531600;0;0;0.00;0
49;15;1520689531597;1520689560405;28808;28.81;1520689531600;0;0;0.00;0
49;16;1520689531597;1520689562409;30812;30.81;1520689531600;0;0;0.00;0
49;17;1520689531597;1520689564409;32812;32.81;1520689531600;0;0;0.00;0
49;18;1520689531597;1520689566414;34817;34.82;1520689531600;0;0;0.00;0
49;19;1520689531597;1520689568403;36806;36.81;1520689531600;0;0;0.00;0
49;20;1520689531597;1520689570415;38818;38.82;1520689531600;0;0;0.00;0
49;21;1520689531597;1520689572414;40817;40.82;1520689531600;0;0;0.00;0
49;22;1520689531597;1520689574402;42805;42.81;1520689531600;0;0;0.00;0
49;23;1520689531597;1520689576413;44816;44.82;1520689531600;0;0;0.00;0
49;24;1520689531597;1520689578414;46817;46.82;1520689531600;0;0;0.00;0
49;25;1520689531597;1520689580403;48806;48.81;1520689531600;0;0;0.00;0
49;26;1520689531597;1520689582407;50810;50.81;1520689531600;0;0;0.00;0
49;27;1520689531597;1520689584414;52817;52.82;1520689531600;0;0;0.00;0
49;28;1520689531597;1520689586418;54821;54.82;1520689531600;0;0;0.00;0
49;29;1520689531597;1520689588404;56807;56.81;1520689531600;1520689587078;55478;55.48;7778742049
50;1;1520689588404;1520689588404;0;0.00;0;0;0;0.00;7778742049
50;2;1520689588404;1520689590408;2004;2.00;1520689588407;0;0;0.00;0
50;3;1520689588404;1520689592410;4006;4.01;1520689588407;0;0;0.00;0
50;4;1520689588404;1520689594413;6009;6.01;1520689588407;0;0;0.00;0
50;5;1520689588404;1520689596415;8011;8.01;1520689588407;0;0;0.00;0
50;6;1520689588404;1520689598403;9999;10.00;1520689588407;0;0;0.00;0
50;7;1520689588404;1520689600411;12007;12.01;1520689588407;0;0;0.00;0
50;8;1520689588404;1520689602413;14009;14.01;1520689588407;0;0;0.00;0
50;9;1520689588404;1520689604403;15999;16.00;1520689588407;0;0;0.00;0
50;10;1520689588404;1520689606405;18001;18.00;1520689588407;0;0;0.00;0
50;11;1520689588404;1520689608408;20004;20.00;1520689588407;0;0;0.00;0
50;12;1520689588404;1520689610415;22011;22.01;1520689588407;0;0;0.00;0
50;13;1520689588404;1520689612413;24009;24.01;1520689588407;0;0;0.00;0
50;14;1520689588404;1520689614415;26011;26.01;1520689588407;0;0;0.00;0
50;15;1520689588404;1520689616412;28008;28.01;1520689588407;0;0;0.00;0
50;16;1520689588404;1520689618402;29998;30.00;1520689588407;0;0;0.00;0
50;17;1520689588404;1520689620412;32008;32.01;1520689588407;0;0;0.00;0
50;18;1520689588404;1520689622415;34011;34.01;1520689588407;0;0;0.00;0
50;19;1520689588404;1520689624417;36013;36.01;1520689588407;0;0;0.00;0
50;20;1520689588404;1520689626409;38005;38.01;1520689588407;0;0;0.00;0
50;21;1520689588404;1520689628412;40008;40.01;1520689588407;0;0;0.00;0
50;22;1520689588404;1520689630410;42006;42.01;1520689588407;0;0;0.00;0
50;23;1520689588404;1520689632416;44012;44.01;1520689588407;0;0;0.00;0
50;24;1520689588404;1520689634417;46013;46.01;1520689588407;0;0;0.00;0
50;25;1520689588404;1520689636405;48001;48.00;1520689588407;0;0;0.00;0
50;26;1520689588404;1520689638407;50003;50.00;1520689588407;0;0;0.00;0
50;27;1520689588404;1520689640410;52006;52.01;1520689588407;0;0;0.00;0
50;28;1520689588404;1520689642411;54007;54.01;1520689588407;0;0;0.00;0
50;29;1520689588404;1520689644415;56011;56.01;1520689588407;0;0;0.00;0
50;30;1520689588404;1520689646417;58013;58.01;1520689588407;0;0;0.00;0
50;31;1520689588404;1520689648404;60000;60.00;1520689588407;0;0;0.00;0
50;32;1520689588404;1520689650409;62005;62.01;1520689588407;0;0;0.00;0
50;33;1520689588404;1520689652411;64007;64.01;1520689588407;0;0;0.00;0
50;34;1520689588404;1520689654414;66010;66.01;1520689588407;0;0;0.00;0
50;35;1520689588404;1520689656415;68011;68.01;1520689588407;0;0;0.00;0
50;36;1520689588404;1520689658403;69999;70.00;1520689588407;0;0;0.00;0
50;37;1520689588404;1520689660410;72006;72.01;1520689588407;0;0;0.00;0
50;38;1520689588404;1520689662412;74008;74.01;1520689588407;0;0;0.00;0
50;39;1520689588404;1520689664415;76011;76.01;1520689588407;0;0;0.00;0
50;40;1520689588404;1520689666417;78013;78.01;1520689588407;0;0;0.00;0
50;41;1520689588404;1520689668405;80001;80.00;1520689588407;0;0;0.00;0
50;42;1520689588404;1520689670406;82002;82.00;1520689588407;0;0;0.00;0
50;43;1520689588404;1520689672416;84012;84.01;1520689588407;0;0;0.00;0
50;44;1520689588404;1520689674417;86013;86.01;1520689588407;0;0;0.00;0
50;45;1520689588404;1520689676409;88005;88.01;1520689588407;0;0;0.00;0
50;46;1520689588404;1520689678411;90007;90.01;1520689588407;0;0;0.00;0
50;47;1520689588404;1520689680414;92010;92.01;1520689588407;1520689678511;90104;90.10;12586269025
